Supplementary Table 2,,,,,,,,,,,,,,,,,,,,,,,,,,,,,,,,,,,,,,,,,,,,,,,,,,
c) Mean responses; spontaneous firing rate has been subtracted,,,,,,,,,,,,,,,,,,,,,,,,,,,,,,,,,,,,,,,,,,,,,,,,,,
,AgOr1 ,AgOr2  ,AgOr3  ,AgOr4  ,AgOr5  ,AgOr6  ,AgOr8  ,AgOr9  ,AgOr10  ,AgOr11  ,AgOr12  ,AgOr13  ,AgOr15  ,AgOr16  ,AgOr18  ,AgOr20  ,AgOr21  ,AgOr23  ,AgOr25  ,AgOr26  ,AgOr27  ,AgOr30  ,AgOr31  ,AgOr32  ,AgOr33  ,AgOr35  ,AgOr38  ,AgOr39  ,AgOr41  ,AgOr42  ,AgOr43  ,AgOr44  ,AgOr45  ,AgOr46  ,AgOr48  ,AgOr50  ,AgOr53  ,AgOr54  ,AgOr56  ,AgOr57  ,AgOr59  ,AgOr61  ,AgOr63  ,AgOr64  ,AgOr65  ,AgOr66  ,AgOr67  ,AgOr73  ,AgOr75  ,AgOr76  
ammonia,-1,1,0,1,2,3,6,0,1,5,-2,1,2,0,4,1,8,-1,2,1,0,3,4,-6,-4,-5,-3,3,-9,-2,-14,0,-4,51,-2,10,2,-11,2,0,-1,-2,2,-7,0,-3,-6,-5,-4,4
putrescine,-7,2,-3,1,-3,3,2,3,-1,7,4,0,3,0,0,5,3,1,-2,0,1,2,-5,-1,-4,-13,-1,0,-5,-2,-3,-4,-6,11,1,0,1,-11,-3,-4,0,-2,2,-3,-10,-6,-2,1,-4,-2
cadaverine,-6,1,-2,3,-1,2,8,-3,-1,0,1,0,6,0,-5,0,-1,0,0,0,5,2,2,-1,-4,-14,-2,0,-5,2,-8,-5,-4,10,-5,0,-1,-16,-3,-8,4,-1,5,1,2,-7,-6,-2,-5,1
gamma-decalactone,2,4,3,1,6,-1,-5,1,1,-2,-1,0,1,0,4,3,0,3,1,0,4,-6,3,4,1,2,3,1,0,1,1,3,2,0,18,2,3,2,-2,4,0,0,-1,3,5,0,5,2,1,-4
delta-decalactone,2,1,1,0,1,1,0,-2,-2,-4,0,3,1,0,-4,4,1,1,1,0,3,-4,2,-1,-1,0,0,0,-3,-1,2,-3,1,0,23,-4,1,-6,-1,1,-2,4,1,-2,1,-1,6,-1,-1,2
acetic-acid,-4,1,2,5,1,-1,-2,3,4,0,-2,-2,2,0,1,-1,-1,8,-3,-2,2,0,0,1,-10,-5,2,0,-5,-9,-11,-5,-1,28,4,22,-1,-7,1,0,1,1,6,-1,1,-14,-8,1,-4,0
propanoic-acid,-6,4,-3,6,1,2,-5,2,4,-4,-8,-1,0,0,3,-4,3,1,-11,3,1,2,2,0,-17,-20,-7,5,-16,-4,-9,-3,-3,40,-2,35,-2,-26,4,-3,-6,-1,-4,-5,4,-19,-9,2,-9,0
butanoic-acid,-6,-4,-4,6,0,1,-4,2,-3,0,-2,-3,2,-1,-5,7,11,-1,-8,1,4,-1,9,-7,-11,-9,-3,7,-10,-5,-14,3,-6,39,-2,40,0,-29,-2,-2,-6,4,1,0,-2,-12,-14,3,-1,1
pentanoic-acid,-2,4,2,8,0,0,1,0,-2,2,1,-3,4,0,2,6,3,0,4,1,3,0,7,6,0,-1,-1,17,-2,1,-5,0,-2,46,0,24,1,0,3,4,7,2,0,3,0,-1,-10,-1,1,1
hexanoic-acid,-7,7,-3,11,-9,4,-4,7,-1,2,6,-7,24,2,4,-4,1,1,-11,4,12,0,-1,-5,-16,-15,-4,31,-11,-11,-21,-10,-8,4,-5,7,-1,-21,-12,1,-6,0,0,-7,-2,-13,-17,-6,-12,0
heptanoic-acid,1,2,4,3,7,-1,-2,0,0,1,3,-1,1,0,0,-1,1,0,-1,4,1,4,6,4,-1,0,3,-1,1,-2,-7,0,0,0,0,9,1,0,-3,-2,3,0,-2,-3,0,1,-2,-2,2,0
octanoic-acid,-8,0,1,-1,-6,1,-4,0,0,2,-4,1,1,-1,-4,-5,2,2,-3,2,-2,1,0,-1,-9,-10,-6,-2,-5,-2,-10,-2,-5,0,-2,2,-1,-10,-6,0,-7,1,4,-4,0,-7,-4,-4,-6,0
nonanoic-acid,-5,3,0,1,-2,3,-2,-7,1,10,-2,-1,-1,0,0,-5,4,-1,-1,0,0,5,2,0,-5,-3,-2,4,-2,-1,-8,-2,0,-1,0,3,1,-11,-2,0,-2,1,0,-2,1,1,-2,2,-4,2
decanoic-acid,0,9,3,2,0,1,1,-2,-2,-1,0,1,2,0,4,-2,-1,0,1,-1,-1,1,3,1,-3,-3,0,1,-1,0,-11,3,-3,1,1,9,1,-2,2,6,-3,-1,-2,1,-6,2,0,-2,-1,2
dodecanoic-acid,-1,-3,3,2,3,0,-1,-3,-1,-2,1,-2,3,3,5,3,0,2,1,1,2,1,1,0,1,1,2,-1,0,0,3,0,1,4,-1,7,2,0,4,2,-2,0,-1,0,3,2,1,2,1,-3
tridecanoic-acid,-5,-2,5,1,-1,3,1,-1,2,0,-1,-2,1,-1,-1,-1,-1,2,4,-3,0,4,1,2,2,1,-1,-3,2,3,1,5,3,2,1,6,-1,-1,0,4,3,-2,0,3,5,0,2,0,1,-5
tetradecanoic-acid,6,7,1,2,1,2,13,0,1,-1,1,2,2,2,0,3,-2,0,-2,1,2,2,0,0,-2,-2,-2,-1,0,2,-1,-5,4,2,-1,10,2,0,-4,5,1,-1,4,3,-2,1,2,0,2,4
hexadecanoic-acid,2,10,5,2,9,7,-1,2,5,10,21,5,17,0,28,24,39,4,4,11,9,7,4,14,-4,-12,-1,4,-6,2,-1,-6,0,36,11,28,28,-15,10,31,2,11,6,3,0,-4,-9,12,-5,-2
octadecanoic-acid,5,6,8,1,10,11,-1,1,12,1,38,1,16,0,27,22,44,3,2,7,12,6,4,13,-9,-5,4,2,-3,3,-6,-5,-1,32,12,19,27,-6,17,34,5,14,7,4,0,-1,-9,6,-4,3
L(+)-lactic-acid,-13,5,12,-1,0,4,-5,-3,12,8,2,-2,0,0,13,-8,7,5,-6,8,3,-1,5,-13,-4,-15,-11,-1,-22,-2,-22,-16,-7,50,-2,10,7,-22,-1,7,-6,0,1,-10,-2,-11,-10,0,-11,-2
2-oxopropanoic-acid,-8,3,-3,9,1,7,-1,-3,-3,3,0,1,1,1,3,-6,-3,4,-6,7,3,0,-4,-11,-7,-7,-3,-1,-7,-2,-17,-12,5,0,-1,15,6,-4,-2,7,0,-1,1,-8,1,-3,-2,1,-3,2
isobutyric-acid,-9,2,-7,6,-3,0,-4,2,-3,6,-1,-7,7,2,19,3,8,-1,-8,1,5,2,-2,-8,-14,-7,-5,1,-7,-9,-17,-4,-10,47,-4,32,-6,-22,3,-3,-6,2,1,-2,-1,-14,-12,4,-9,0
2-oxobutanoic-acid,-16,11,7,36,15,14,-2,5,-5,1,0,7,6,3,35,-4,8,2,-9,7,7,0,1,33,-8,-13,-2,19,-5,4,-21,-19,-3,45,-1,38,0,-22,-4,22,-4,2,1,11,-8,-11,-15,0,-11,-4
isovaleric-acid,-1,0,-2,15,-1,-2,-1,-3,1,3,-1,0,1,0,-2,13,9,0,-5,0,13,5,7,-3,-3,-4,-1,5,-6,-12,-14,4,-7,46,8,38,-1,-14,1,0,0,-1,-1,1,0,-14,-8,0,28,0
2-oxopentanoic-acid,-8,1,-2,19,4,-1,-6,4,4,1,0,-5,-2,0,-7,14,12,-1,-5,6,9,-3,7,-2,-3,-1,2,1,-10,1,-23,-2,-4,40,1,28,-2,-25,-2,0,-5,1,3,6,2,-6,-9,3,-5,1
2-oxohexenoic-acid,2,1,-3,3,1,0,12,1,-7,3,-1,4,-2,0,0,3,3,-1,-8,1,0,10,1,2,-5,-8,0,-4,-10,-3,-5,-6,-6,16,-2,2,-2,-8,1,2,0,2,2,4,2,-4,-1,1,-3,-2
3-methyl-2-hexenoic-acid,-8,2,-4,2,0,0,-2,2,-10,-2,2,1,3,0,1,3,-1,0,-10,-2,-3,-1,7,-9,-13,-20,-7,4,-23,-18,-9,-14,-8,6,-7,-4,-2,-29,-1,13,6,-5,-3,2,-3,-18,-8,-3,-15,-2
7-octenoic-acid,-2,1,2,0,1,0,7,-2,4,-2,2,1,2,0,3,-1,-2,2,1,-1,-1,-1,2,0,0,1,2,3,-5,0,3,-2,-2,6,0,1,1,-1,0,7,0,1,-2,2,-2,1,4,3,0,1
cis-9-octadecenoic-acid,-3,2,1,-2,5,1,9,4,0,-3,2,-1,-2,0,7,-2,-1,1,-6,2,-1,1,-2,5,-9,-4,0,1,-2,1,1,1,-4,6,-4,0,2,-4,-4,0,0,1,0,-1,-3,-2,-1,3,-3,-2
dimethylsulfide,-19,6,-4,35,-7,0,-1,10,1,31,91,-9,18,0,20,8,27,-3,-13,3,12,9,28,14,-15,-20,31,27,-14,-8,-25,-8,-16,6,-4,30,22,-26,32,175,-4,-1,-5,-6,-4,-14,-9,-2,6,-7
(-)-carvone,-5,-2,-2,11,2,-3,-4,2,2,4,-9,-3,-5,1,61,4,66,0,-4,3,28,4,18,2,-6,2,1,-4,-8,-7,-6,-22,-6,13,79,34,-4,-2,8,53,1,2,4,5,4,-1,-3,-3,34,2
(+)-carvone,-2,-1,6,0,2,3,-1,3,6,7,-13,-3,-2,-1,41,-4,25,-1,-9,6,49,4,1,3,-2,2,18,-5,-3,-4,-6,-10,-7,31,-2,15,-2,-8,18,45,5,4,9,6,2,-2,-2,-6,36,-5
(-)-fenchone ,-12,12,-3,14,-6,1,-4,1,0,56,12,-10,-3,6,11,88,102,1,-5,63,113,-5,0,-1,-9,-2,-8,-1,-6,-4,-4,20,-9,49,6,142,-7,-5,109,94,-1,3,25,34,-3,14,0,-5,28,-5
(+)-fenchone,-6,1,-2,19,-6,0,-7,2,0,70,11,-13,-5,8,0,139,122,-1,-2,63,134,0,0,-2,-9,-3,-5,0,-5,-4,0,-6,-4,97,6,155,5,-9,106,90,0,3,22,51,0,14,1,-1,20,-8
citronellal,-2,3,-1,21,-6,0,-2,6,2,0,-8,-4,-8,0,9,15,0,-1,-17,11,13,219,48,36,-6,13,7,4,-7,-7,-3,-6,-12,35,53,82,31,-2,10,42,9,3,22,2,4,3,-8,-6,92,15
geraniol,1,2,3,1,-2,0,-1,-1,2,-3,1,-2,-2,1,-3,12,3,0,1,5,-2,10,4,3,2,6,-2,4,0,-2,0,9,-1,8,3,6,3,-5,4,7,0,-2,2,2,0,1,-4,-1,4,-2
linalool-oxide,-4,1,5,20,-2,2,1,-3,-3,-5,64,-4,-5,0,15,236,62,-1,-9,50,46,32,11,64,-9,5,2,-7,-7,-2,-5,2,-12,55,12,161,30,-10,28,35,10,6,21,15,2,0,-2,2,51,10
geranyl-acetate,-10,0,5,-6,8,-1,-1,4,-4,1,-4,-1,-3,0,-7,12,-2,4,-10,2,2,5,129,43,-12,64,-5,-2,-11,-5,-14,0,-9,17,-1,5,4,-24,10,0,-2,1,-1,9,-1,-5,-5,3,-4,-3
hexanal,-13,8,-11,39,-4,8,-9,-1,-5,19,-9,-11,0,1,0,4,28,0,-16,24,3,6,0,-13,-24,-32,86,52,-33,-15,-22,-11,-16,24,9,24,7,-36,32,27,-5,2,0,-8,0,-17,-31,-4,-23,-10
heptanal,-24,3,-15,88,-6,1,-10,4,-6,18,-8,-12,6,9,-1,-7,39,1,-15,28,35,71,35,-16,-29,-28,69,72,-29,-20,-25,-9,-26,24,85,65,12,-45,50,85,19,18,6,-15,-3,-23,-25,8,74,-6
octanal,-10,-1,-5,28,-4,1,-4,1,-1,2,-6,-5,-2,-1,-4,-4,-1,2,-13,1,0,22,13,-12,-24,-21,-5,7,-23,-12,-10,-10,-20,3,23,-3,0,-6,1,13,-10,3,-2,-7,1,-9,-14,-6,-8,-2
nonanal,1,-1,1,5,-3,1,3,2,2,2,0,1,-2,0,2,-4,0,3,-4,-1,1,18,21,9,-2,-4,1,2,-13,-3,1,0,-11,6,51,5,2,-8,0,16,-3,2,1,-1,-4,4,-3,1,6,-4
decanal,-1,5,1,0,0,-2,1,-3,1,7,-2,0,3,1,3,2,6,-1,7,1,3,16,3,13,-1,-2,-3,2,-1,-1,1,5,-6,7,32,-1,1,-4,-1,5,0,2,2,5,-1,3,-5,6,8,-1
E2-hexenal,-5,10,12,98,4,0,-6,14,28,21,44,36,6,4,29,23,60,2,27,31,34,53,19,-11,-21,-8,240,46,-19,-11,-24,-10,-13,49,30,54,30,-39,66,118,1,12,2,8,2,-22,-20,0,-5,-6
acetone,-11,3,-6,2,-3,3,-2,-2,-5,-4,5,-5,-2,1,8,-2,11,3,-4,3,7,3,3,-4,-9,-19,0,-1,-11,-5,-7,-4,-6,27,1,6,28,-16,4,10,0,5,-4,-8,0,3,-11,3,-11,-3
2-butanone,-13,-3,5,17,11,14,-12,14,-2,13,36,-8,17,2,44,14,33,8,-10,24,11,26,4,-10,-21,-25,3,17,-21,-1,-18,-17,-7,42,24,66,43,-22,37,60,-3,3,6,-7,0,-11,-22,-4,-14,-3
2-heptanone,-11,27,-1,112,20,25,222,29,4,29,44,-2,16,23,69,16,85,21,-21,44,45,138,49,9,-26,-18,112,73,-23,-26,-34,-23,-16,54,172,72,35,-36,69,155,-9,23,25,4,12,-31,-26,11,55,-1
3-octanone,-22,12,-18,65,-5,22,232,9,-7,7,-13,-13,-2,17,43,1,9,9,-19,22,30,222,46,27,-23,-46,-19,86,-28,-26,-35,-30,-21,29,126,28,25,-50,30,53,-9,11,29,-10,10,-20,-31,-2,88,-4
2-nonanone,-22,0,-14,45,2,15,-13,-1,-9,-2,-6,-17,28,8,25,-2,63,-2,-18,12,27,117,60,48,-25,-8,-8,47,-21,-22,-36,-17,-24,77,183,12,16,-35,43,74,-1,4,25,4,0,-20,-18,-8,105,-8
6-methyl-5-hepten-2-one,-26,2,-19,77,3,19,-12,55,-5,8,-7,-16,0,17,79,59,97,-1,-19,45,39,199,47,50,-28,-14,77,147,-23,-29,-43,-26,-23,34,84,83,43,-47,65,117,0,18,24,-9,13,-25,-19,-6,135,-11
geranyl-acetone,-2,-1,-1,2,1,1,8,2,0,-2,5,2,1,0,-2,2,4,-1,1,1,-1,3,57,8,-1,71,2,3,-5,2,-9,3,-2,1,-1,11,0,-2,0,-2,-1,0,2,-1,0,1,1,-2,3,1
"2,3-butanedione",-23,-2,-13,25,134,10,-7,14,0,20,33,1,3,2,61,15,46,2,-16,17,35,24,9,-13,-24,-33,-1,25,-30,-12,-35,-20,-22,50,4,19,37,-33,14,42,-8,3,2,-7,3,-7,-25,7,-24,-7
cyclohexanone,-9,0,6,40,-2,26,-8,4,8,95,60,34,4,4,41,35,126,-3,-9,42,40,107,4,-7,-9,-5,23,21,-12,-16,-11,-11,-12,94,73,81,97,-13,98,117,-5,9,10,27,8,-4,-15,-7,17,-2
phenol,234,170,-23,23,1,39,-7,95,60,33,52,147,78,10,23,54,50,-3,-9,-1,10,1,-1,15,-13,-2,140,50,-2,-14,-7,-18,-13,28,0,19,8,-11,22,46,-2,5,0,-6,5,0,-5,2,-6,-10
benzaldehyde,44,257,-7,38,5,113,-10,15,257,118,124,219,217,38,57,64,133,-2,-14,19,2,41,-4,1,-9,-15,257,75,-13,-9,-7,-24,-15,109,2,70,33,-20,28,135,-6,5,-2,-13,-1,-9,-11,6,-9,-8
acetophenone,-1,24,-2,37,-2,242,-12,74,105,85,105,97,248,63,204,88,163,0,-17,12,16,70,-5,5,-15,-10,199,35,-17,-17,-26,-18,-8,76,-5,139,13,-19,48,88,-9,7,3,-6,1,-14,-7,-8,9,-10
methyl-benzoate,-6,-3,-5,55,-2,100,-10,79,45,5,-9,98,141,1,52,-5,14,4,-14,3,1,46,4,18,-18,-11,45,50,-17,-13,-18,-16,-15,16,1,4,2,-19,23,71,-5,2,0,2,1,-8,-7,-3,52,-4
2-phenoxy-ethanol,1,3,1,6,0,6,-1,0,1,-1,21,0,3,0,6,2,2,1,-2,0,2,-3,2,2,0,3,2,9,-2,1,-2,2,3,10,1,8,0,0,2,2,-1,-1,0,-1,-2,0,2,5,2,1
benzyl-acetate,-7,6,3,70,-4,8,-7,23,35,3,-10,7,-6,0,42,0,0,-2,-22,10,4,85,71,47,-15,10,64,176,-11,-8,-8,-4,-17,23,23,2,-3,-13,31,67,-9,1,14,3,0,-3,-3,-2,45,0
phenethyl-acetate,-4,6,1,-1,-1,-2,-7,4,19,11,130,0,1,25,81,13,25,0,-6,0,0,28,51,15,0,36,136,142,-17,0,-11,-2,-10,19,13,9,-1,-22,19,56,3,1,10,-2,6,-6,-1,-2,1,-4
2-methylphenol,91,201,-22,25,-4,35,-11,195,178,52,88,110,181,44,43,170,66,-2,-20,0,-2,-4,-5,26,-18,-8,36,34,12,-8,-19,-27,-18,22,-2,63,1,-22,50,75,-6,3,7,-11,69,-2,-1,-8,-16,-14
3-methylphenol,177,75,-17,29,-3,25,-10,161,118,37,75,44,152,14,29,97,37,0,-9,-2,-1,2,-2,15,-15,0,60,22,-3,-12,-26,-16,-16,15,-5,41,2,-16,28,45,-2,1,2,-6,15,-6,-7,0,-13,-5
4-methylphenol,178,118,-7,60,-4,16,-2,177,167,26,156,160,73,39,32,52,27,-2,-10,-1,4,1,1,34,-12,4,99,48,-10,-6,-18,-14,-7,21,0,29,4,-6,19,27,-1,4,-4,2,76,-6,-4,-5,-4,-6
2-ethylphenol,10,116,-17,23,0,41,-2,226,249,36,111,-1,82,12,77,140,64,-2,-9,-2,-6,-1,-6,27,-13,-4,90,38,-2,-9,-10,-11,-17,10,-6,58,0,-26,37,91,-7,-3,2,-6,117,-6,6,-1,-8,-9
4-ethylphenol,145,29,-2,98,2,5,7,64,16,3,82,25,6,27,10,10,8,-1,-9,-1,3,-3,0,17,-5,-1,44,61,0,-5,-2,-12,-2,10,2,20,2,-10,19,24,-5,-1,-1,-4,52,-4,2,2,-4,-7
2-propylphenol,1,11,-5,28,1,9,-1,110,28,7,-1,-2,-4,-1,8,20,4,-2,-4,6,2,0,-3,1,-1,3,39,17,-4,-7,-2,-13,-12,16,1,42,1,-5,1,5,4,-1,-3,0,60,1,-4,1,-1,3
methyl-salicylate,-9,1,-11,44,-2,40,-9,51,39,18,-9,51,130,1,19,8,-1,4,-15,0,-1,10,-2,8,-13,-8,50,49,-9,-12,-10,-12,-17,24,-2,-5,2,-20,11,61,-4,1,3,-3,2,-5,-5,-2,20,-4
methyl-2-methyl-benzoate,-9,0,-8,1,-1,17,-2,113,9,41,-13,87,185,4,112,22,17,0,-9,3,-3,2,-2,19,-9,-5,-1,-1,-6,-8,-8,-21,-10,12,-1,9,4,-1,18,71,0,-1,0,-5,1,-7,-1,-2,29,-4
2-ethyl-toluene,-8,5,-3,-2,-4,8,-1,1,31,124,227,27,40,8,44,102,70,-1,-5,4,0,1,0,-3,-10,-10,34,4,-11,-8,-8,-9,-10,17,-3,101,-5,-7,14,61,0,-3,3,-8,-1,-1,-9,-3,6,-3
indole,-5,254,2,4,3,20,6,-1,247,21,74,41,31,1,15,78,29,-1,-6,1,-2,1,0,2,-5,0,47,28,-6,-1,-5,-3,-8,-1,-3,13,-1,-6,0,17,-1,0,-1,-2,1,0,1,-4,0,0
3-methylindole,1,111,2,-1,-1,7,-2,1,244,30,18,11,99,4,18,30,0,1,-2,1,6,1,-1,1,-1,4,2,1,-4,-2,2,-5,0,6,0,0,5,-5,-2,4,-4,-1,-2,4,3,0,-5,-2,-1,2
2-acetylthiophene,17,39,-7,36,6,236,-8,40,60,102,179,165,233,31,169,104,142,-2,6,19,18,64,-1,0,-13,-4,192,32,-7,-12,-14,-31,-12,61,3,69,20,-5,84,182,-4,9,5,-11,-2,-2,-4,-1,-1,-7
thiazole,6,26,-5,36,53,25,-10,30,14,23,67,72,36,1,104,46,60,0,-7,4,55,14,0,-11,-22,-12,202,21,-14,-7,-25,-24,-1,40,19,6,62,-10,161,131,-10,10,0,-4,-1,-4,-4,-4,-7,-14
4-methylthiazole,4,42,-3,31,23,61,-12,75,58,46,180,84,96,7,225,107,92,-2,-9,18,31,26,1,-1,-27,-4,166,29,-11,-16,-26,-16,-3,50,5,86,47,-9,154,197,-10,11,0,-14,5,-6,-8,-4,-7,-14
2-acetylthiazole,-6,1,2,30,-1,220,-10,37,26,56,177,63,150,15,173,68,83,9,-12,13,12,14,5,6,-22,-10,51,39,-16,-10,-22,-7,-10,69,2,95,8,-21,58,109,-4,8,4,-2,7,-15,-6,-6,-7,-8
2-ethoxythiazole,-8,0,-9,36,4,46,-10,148,34,41,174,-4,33,0,197,84,94,0,-9,16,20,2,8,27,-16,-3,220,38,-13,-10,-19,-24,-11,66,7,76,-2,-10,69,147,-13,1,-1,-10,6,-7,0,-3,33,-8
2-iso-butyl-thiazole,-6,-5,0,28,10,22,-7,70,3,34,66,-5,-1,1,83,139,78,-3,-11,33,37,21,17,15,-15,4,228,48,-15,-9,-14,-18,-13,103,7,134,0,-17,56,127,-2,4,7,10,17,2,-2,-10,111,-5
"4,5-dimethylthiazole",-1,15,-5,25,-6,48,-13,134,43,67,139,198,243,32,260,182,74,7,-11,16,13,53,2,1,-29,0,171,32,-11,-20,-22,-20,-11,44,0,82,57,-17,139,158,-6,12,0,2,13,-11,-5,-8,-9,-9
"2,4,5-trimethylthiazole",-10,-1,0,25,-6,96,-10,182,15,39,107,67,174,34,265,207,106,9,-11,4,7,-1,2,15,-22,0,-5,11,-8,-18,-23,-20,-13,62,-6,171,-3,-15,47,76,-6,10,2,-4,44,-16,-7,-8,3,-13
2-acetylpyridine,-5,31,1,28,0,247,-7,42,48,112,110,50,216,14,228,55,90,-1,-6,9,17,11,0,8,-12,-4,52,19,-10,-6,-17,-29,-11,68,8,58,3,-9,47,99,-5,5,0,-4,0,-2,-6,-2,4,-8
methanol,2,3,4,-1,1,0,7,-3,-1,3,0,0,0,-1,4,1,-3,0,-4,-1,0,0,3,8,-7,-4,1,0,-9,-8,1,-6,0,2,-1,-1,-1,-12,2,0,1,4,-3,2,5,-4,-1,3,-6,3
ethanol,2,3,3,-1,4,0,5,4,1,2,1,1,2,-1,2,5,3,0,5,0,2,-3,3,2,-6,-4,-3,-1,-4,-6,-3,-3,1,13,-1,3,1,-5,1,9,-1,-1,-2,3,-2,-3,2,0,-1,3
1-butanol,130,5,2,55,76,9,-10,8,0,16,66,36,20,5,75,48,74,2,1,16,24,39,14,-3,-19,-6,117,45,-23,-15,-28,-17,-12,52,26,42,58,-22,40,165,2,13,17,11,10,-13,-8,-2,-3,0
1-pentanol,180,5,-13,97,44,18,-4,21,-3,40,166,34,35,25,135,126,91,2,11,31,25,53,18,9,-26,-2,227,97,-33,-24,-34,-26,-8,75,50,79,40,-31,148,202,2,17,17,22,21,-22,-10,-8,-13,-15
1-hexanol,12,35,-20,127,-6,2,105,29,9,56,147,-4,21,25,146,108,48,5,13,33,34,73,20,25,-31,-18,215,74,-21,-16,-40,-40,-16,54,115,79,45,-31,180,181,-10,30,23,12,18,-29,-14,-6,-7,-7
1-dodecanol,1,3,5,-1,2,1,0,2,1,5,0,-2,0,0,0,-2,0,1,0,3,1,0,0,2,3,-3,3,-1,0,1,0,5,0,4,0,4,7,0,-4,2,2,2,-5,0,1,1,0,0,2,-1
3-methyl-1-butanol,140,3,-8,35,2,9,-8,19,7,70,151,31,10,15,76,118,128,2,-1,22,21,42,11,22,-17,11,162,71,-16,-3,-34,-27,-9,184,62,86,97,-20,158,251,-6,26,6,22,12,-2,-6,-9,9,0
2-ethyl-1-hexanol,-6,1,-9,41,-6,6,-6,8,4,26,46,-2,-2,0,82,126,33,-1,-9,34,17,73,17,13,-10,-3,-3,-2,-14,-8,-24,-20,-10,92,176,81,4,-20,117,149,19,8,19,5,7,-5,-3,-9,102,-2
1-hexen-3-ol,-4,-1,-10,78,44,19,69,37,7,56,105,-1,-5,1,106,202,159,0,-8,26,36,63,12,20,-26,7,66,46,-19,-15,-38,-18,-26,71,69,81,41,-41,115,128,27,22,6,10,19,-13,-11,5,5,-9
1-hepten-3-ol,5,5,-11,153,7,27,188,21,-4,32,131,-15,-6,10,82,243,86,-2,-17,28,36,65,26,34,-29,-5,52,66,-20,-18,-44,-28,-19,73,82,96,20,-35,140,127,55,20,28,12,10,-12,-4,-11,67,-14
1-octen-3-ol,-23,1,-24,155,10,18,227,5,-11,2,5,-9,-1,14,62,212,17,1,-22,26,27,81,37,31,-30,-16,-1,76,-33,-25,-45,-30,-20,41,149,46,26,-53,73,71,52,24,27,12,7,-28,-15,-6,91,-15
Z2-hexenol,130,3,-23,81,-1,15,0,26,-6,37,139,56,28,20,99,105,71,-2,-8,22,31,69,20,14,-20,4,224,76,-31,-25,-33,-26,-11,89,32,90,42,-38,141,195,8,12,16,14,32,-18,-14,-6,-7,-10
Z3-hexenol,53,10,-13,80,4,19,-7,7,19,39,181,3,17,18,119,139,187,12,1,39,24,74,14,52,-26,15,212,36,-18,-6,-31,-17,-14,64,60,123,44,-31,147,194,3,17,12,36,5,-11,-6,-2,1,-6
4-methylcyclohexanol,186,6,-13,36,-5,4,-6,56,7,131,214,50,-4,34,115,252,131,-2,7,39,33,30,3,4,-17,4,219,36,-1,-5,-17,-22,0,90,31,142,36,0,163,199,-5,12,3,44,7,3,2,-6,7,-11
3-methyl-2-cyclohexenol,2,17,-11,22,-8,67,-10,3,14,85,185,59,8,9,102,182,220,0,-7,43,27,35,5,8,-20,7,23,24,-4,-11,-10,-20,-16,96,15,99,46,-12,53,102,2,18,2,4,11,5,-11,-2,-7,-6
ethyl-formate,-9,4,-7,3,-5,6,-10,-1,3,3,17,9,2,1,16,2,18,-1,-14,2,4,1,1,-13,-22,-24,-1,3,-12,-6,-19,-12,-11,14,0,11,23,-19,9,52,-4,2,-2,-5,-1,-3,-13,-3,-10,-4
ethyl-acetate,-11,2,-5,21,7,30,-4,14,10,29,101,6,36,1,102,29,76,2,-15,24,8,24,0,-5,-27,-20,21,31,-19,-14,-3,-21,-19,63,6,36,28,-12,43,137,-10,8,3,-5,4,-1,-17,0,-15,-5
propyl-acetate,-13,14,-10,57,33,68,-10,28,-22,35,96,14,139,7,162,56,91,5,-15,27,18,38,22,19,-24,-26,100,57,-32,-30,-25,-21,-21,187,-5,74,27,-28,76,202,-4,12,3,-11,-2,-31,-19,-8,-14,-16
amyl-acetate,-22,8,-21,85,-2,23,-2,1,-7,17,-9,-14,18,28,118,2,60,4,-18,23,19,171,51,40,-27,-39,-11,87,-37,-22,-36,-22,-17,42,127,42,18,-53,47,84,-4,12,34,-12,7,-17,-33,-6,57,1
isobutyl-acetate,-12,5,-13,101,10,74,-10,32,-17,21,59,2,93,23,93,48,117,0,-21,23,34,81,25,25,-24,-18,172,69,-37,-30,-30,-19,-23,232,-5,111,22,-36,53,191,0,2,19,-6,1,-25,-18,-4,64,-14
isoamyl-acetate,-14,2,-13,131,-5,39,9,23,7,22,-5,-6,42,29,98,8,54,1,-24,31,22,95,42,36,-37,-25,-14,82,-34,-19,-45,-16,-14,82,40,83,24,-43,36,94,-10,2,30,-18,12,-24,-23,-13,108,-13
ethyl-propanoate,-20,5,-14,45,2,45,-7,55,1,23,87,-12,49,6,119,53,78,1,-15,17,15,22,3,26,-21,-6,52,52,-20,-3,-23,-18,-16,83,2,63,7,-30,73,150,-1,12,0,1,9,-8,-3,-7,9,-10
methyl-propanoate,-13,8,10,32,1,24,-8,18,0,27,127,-2,51,4,83,18,58,-1,-13,8,0,8,-1,37,-15,-15,12,38,-16,-6,-16,-3,-10,34,-4,47,19,-23,29,144,-7,0,1,10,1,-8,-15,-7,-17,-6
ethyl-butyrate,-17,10,-5,67,-1,29,-6,57,7,23,73,-4,3,2,84,33,84,-3,-20,35,33,49,8,17,-26,-14,61,29,-27,-2,-27,-28,-17,124,15,50,13,-40,67,165,-2,3,12,11,23,-5,-21,-2,60,-6
ethyl-hexanoate,-6,7,4,45,-1,-2,25,3,-1,3,-4,1,-6,0,81,7,69,-2,-13,24,11,111,57,57,-7,15,2,36,-12,-13,-7,-6,-15,59,45,24,4,-20,21,83,-2,0,25,0,5,-10,-10,-5,68,2
methyl-octanoate,-6,-2,3,34,0,-1,-6,3,2,-2,-9,-4,-1,0,16,-4,4,0,-11,1,1,165,69,34,-10,-3,-3,36,-10,-7,-4,-5,-14,11,105,7,4,-15,11,32,3,-4,6,3,-3,-2,-10,-7,46,1
heptane,-2,-2,-6,18,-4,-1,-6,-3,-3,8,-4,-4,1,0,4,0,-1,-1,-9,1,-1,7,26,-4,-6,-8,14,27,-11,-2,-12,-4,-5,4,5,14,-2,-11,5,14,-5,-1,3,-2,5,-3,0,-3,45,-5
1-chlorododecane,0,-4,-2,2,-3,-3,-1,2,-1,2,1,-2,0,1,-3,2,4,0,-3,0,-1,3,3,-5,-4,-2,2,4,0,2,-4,1,-11,3,2,3,-2,-7,-1,2,4,-2,1,1,-3,-1,-2,-1,-5,-2
5α-androst-16-one,-1,4,1,0,5,2,7,3,2,0,5,2,-2,0,8,-1,1,0,-3,2,-3,-2,-2,5,1,0,0,-1,3,2,3,1,-2,5,-1,5,3,-1,-1,1,0,1,2,-1,-1,-1,-2,1,-1,-1
5α-androsten-3α-ol,4,3,0,12,14,19,0,10,4,5,11,25,20,0,29,17,34,6,3,3,4,1,16,6,-7,-15,-1,2,-4,-1,-12,-5,2,30,26,7,43,-12,20,35,-1,5,0,16,4,-8,-1,18,0,-1